{
    "xgboost_url": {
        "accuracy": 0.9315170176499697,
        "precision": 0.9255702280912365,
        "recall": 0.9882443419028785,
        "f1": 0.9558810506367227
    },
    "xgboost_email": {
        "accuracy": 0.8614285714285714,
        "precision": 0.8783112582781457,
        "recall": 0.8804979253112033,
        "f1": 0.8794032324906755
    }
}