{
    "xgboost_email": {
        "accuracy": 0.8671428571428571,
        "precision": 0.8795081967213115,
        "recall": 0.8904564315352697,
        "f1": 0.8849484536082475
    },
    "random_forest_email": {
        "accuracy": 0.86,
        "precision": 0.8718367346938776,
        "recall": 0.8863070539419087,
        "f1": 0.8790123456790123
    }
}